run,algorithm,best_conflicts,final_conflicts,iterations,time_seconds
0,GLS,0,2.24,1662,25.989945888519287
0,ILS,6,52.0,5000,90.71686244010925
1,GLS,0,1.62,2540,38.563220739364624
1,ILS,5,53.0,5000,89.36207985877991
2,GLS,1,1.0,5000,56.4548122882843
2,ILS,6,49.0,5000,87.9058153629303
3,GLS,2,2.0,5000,59.01724576950073
3,ILS,3,55.0,5000,87.07786345481873
4,GLS,1,1.0,5000,58.789650201797485
4,ILS,8,44.0,5000,86.45089507102966
